,쭺嚼왠,쭺磁,씶춴,쭳
0,A083790,콜쟕쫔콭쵔昭퐇,20210812,8180
1,A083790,콜쟕쫔콭쵔昭퐇,20210811,8190
2,A083790,콜쟕쫔콭쵔昭퐇,20210810,8210
3,A083790,콜쟕쫔콭쵔昭퐇,20210809,8330
4,A083790,콜쟕쫔콭쵔昭퐇,20210806,7900
5,A083790,콜쟕쫔콭쵔昭퐇,20210805,8060
6,A083790,콜쟕쫔콭쵔昭퐇,20210804,8130
7,A083790,콜쟕쫔콭쵔昭퐇,20210803,7780
8,A083790,콜쟕쫔콭쵔昭퐇,20210802,7990
9,A083790,콜쟕쫔콭쵔昭퐇,20210730,7670
10,A083790,콜쟕쫔콭쵔昭퐇,20210729,7560
11,A083790,콜쟕쫔콭쵔昭퐇,20210728,7420
12,A083790,콜쟕쫔콭쵔昭퐇,20210727,7420
13,A083790,콜쟕쫔콭쵔昭퐇,20210726,7350
14,A083790,콜쟕쫔콭쵔昭퐇,20210723,7490
15,A083790,콜쟕쫔콭쵔昭퐇,20210722,7450
16,A083790,콜쟕쫔콭쵔昭퐇,20210721,7390
17,A083790,콜쟕쫔콭쵔昭퐇,20210720,7430
18,A083790,콜쟕쫔콭쵔昭퐇,20210719,7330
19,A083790,콜쟕쫔콭쵔昭퐇,20210716,7570
20,A083790,콜쟕쫔콭쵔昭퐇,20210715,7710
21,A083790,콜쟕쫔콭쵔昭퐇,20210714,7700
22,A083790,콜쟕쫔콭쵔昭퐇,20210713,7800
23,A083790,콜쟕쫔콭쵔昭퐇,20210712,7750
24,A083790,콜쟕쫔콭쵔昭퐇,20210709,7750
25,A083790,콜쟕쫔콭쵔昭퐇,20210708,7860
26,A083790,콜쟕쫔콭쵔昭퐇,20210707,7880
27,A083790,콜쟕쫔콭쵔昭퐇,20210706,7870
28,A083790,콜쟕쫔콭쵔昭퐇,20210705,8030
29,A083790,콜쟕쫔콭쵔昭퐇,20210702,7620
30,A083790,콜쟕쫔콭쵔昭퐇,20210701,7710
31,A083790,콜쟕쫔콭쵔昭퐇,20210630,7860
32,A083790,콜쟕쫔콭쵔昭퐇,20210629,7840
33,A083790,콜쟕쫔콭쵔昭퐇,20210628,7890
34,A083790,콜쟕쫔콭쵔昭퐇,20210625,7840
35,A083790,콜쟕쫔콭쵔昭퐇,20210624,7890
36,A083790,콜쟕쫔콭쵔昭퐇,20210623,7980
37,A083790,콜쟕쫔콭쵔昭퐇,20210622,7930
38,A083790,콜쟕쫔콭쵔昭퐇,20210621,7940
39,A083790,콜쟕쫔콭쵔昭퐇,20210618,8120
40,A083790,콜쟕쫔콭쵔昭퐇,20210617,8030
41,A083790,콜쟕쫔콭쵔昭퐇,20210616,8080
42,A083790,콜쟕쫔콭쵔昭퐇,20210615,8150
43,A083790,콜쟕쫔콭쵔昭퐇,20210614,8160
44,A083790,콜쟕쫔콭쵔昭퐇,20210611,8150
45,A083790,콜쟕쫔콭쵔昭퐇,20210610,8210
46,A083790,콜쟕쫔콭쵔昭퐇,20210609,7950
47,A083790,콜쟕쫔콭쵔昭퐇,20210608,8000
48,A083790,콜쟕쫔콭쵔昭퐇,20210607,8140
49,A083790,콜쟕쫔콭쵔昭퐇,20210604,8280
50,A083790,콜쟕쫔콭쵔昭퐇,20210603,8200
51,A083790,콜쟕쫔콭쵔昭퐇,20210602,8280
52,A083790,콜쟕쫔콭쵔昭퐇,20210601,8550
53,A083790,콜쟕쫔콭쵔昭퐇,20210531,8170
54,A083790,콜쟕쫔콭쵔昭퐇,20210528,8190
55,A083790,콜쟕쫔콭쵔昭퐇,20210527,8060
56,A083790,콜쟕쫔콭쵔昭퐇,20210526,8210
57,A083790,콜쟕쫔콭쵔昭퐇,20210525,8190
58,A083790,콜쟕쫔콭쵔昭퐇,20210524,8000
59,A083790,콜쟕쫔콭쵔昭퐇,20210521,8200
60,A083790,콜쟕쫔콭쵔昭퐇,20210520,8320
61,A083790,콜쟕쫔콭쵔昭퐇,20210518,8390
62,A083790,콜쟕쫔콭쵔昭퐇,20210517,8270
63,A083790,콜쟕쫔콭쵔昭퐇,20210514,8280
64,A083790,콜쟕쫔콭쵔昭퐇,20210513,8100
65,A083790,콜쟕쫔콭쵔昭퐇,20210512,8290
66,A083790,콜쟕쫔콭쵔昭퐇,20210511,8280
67,A083790,콜쟕쫔콭쵔昭퐇,20210510,8570
68,A083790,콜쟕쫔콭쵔昭퐇,20210507,8250
69,A083790,콜쟕쫔콭쵔昭퐇,20210506,8310
70,A083790,콜쟕쫔콭쵔昭퐇,20210504,8360
71,A083790,콜쟕쫔콭쵔昭퐇,20210503,8240
72,A083790,콜쟕쫔콭쵔昭퐇,20210430,8250
73,A083790,콜쟕쫔콭쵔昭퐇,20210429,8580
74,A083790,콜쟕쫔콭쵔昭퐇,20210428,8780
75,A083790,콜쟕쫔콭쵔昭퐇,20210427,8710
76,A083790,콜쟕쫔콭쵔昭퐇,20210426,8930
77,A083790,콜쟕쫔콭쵔昭퐇,20210423,9160
78,A083790,콜쟕쫔콭쵔昭퐇,20210422,9260
79,A083790,콜쟕쫔콭쵔昭퐇,20210421,9340
80,A083790,콜쟕쫔콭쵔昭퐇,20210420,9400
81,A083790,콜쟕쫔콭쵔昭퐇,20210419,9270
82,A083790,콜쟕쫔콭쵔昭퐇,20210416,9330
83,A083790,콜쟕쫔콭쵔昭퐇,20210415,9390
84,A083790,콜쟕쫔콭쵔昭퐇,20210414,9520
85,A083790,콜쟕쫔콭쵔昭퐇,20210413,9600
86,A083790,콜쟕쫔콭쵔昭퐇,20210412,9310
87,A083790,콜쟕쫔콭쵔昭퐇,20210409,9270
88,A083790,콜쟕쫔콭쵔昭퐇,20210408,9230
89,A083790,콜쟕쫔콭쵔昭퐇,20210407,9260
90,A083790,콜쟕쫔콭쵔昭퐇,20210406,9210
91,A083790,콜쟕쫔콭쵔昭퐇,20210405,9520
92,A083790,콜쟕쫔콭쵔昭퐇,20210402,9210
93,A083790,콜쟕쫔콭쵔昭퐇,20210401,9050
94,A083790,콜쟕쫔콭쵔昭퐇,20210331,9470
95,A083790,콜쟕쫔콭쵔昭퐇,20210330,10070
96,A083790,콜쟕쫔콭쵔昭퐇,20210329,10370
97,A083790,콜쟕쫔콭쵔昭퐇,20210326,10403
98,A083790,콜쟕쫔콭쵔昭퐇,20210325,10403
99,A083790,콜쟕쫔콭쵔昭퐇,20210324,10437
100,A083790,콜쟕쫔콭쵔昭퐇,20210323,10003
101,A083790,콜쟕쫔콭쵔昭퐇,20210322,9936
102,A083790,콜쟕쫔콭쵔昭퐇,20210319,10203
103,A083790,콜쟕쫔콭쵔昭퐇,20210318,10336
104,A083790,콜쟕쫔콭쵔昭퐇,20210317,10403
105,A083790,콜쟕쫔콭쵔昭퐇,20210316,10537
106,A083790,콜쟕쫔콭쵔昭퐇,20210315,10303
107,A083790,콜쟕쫔콭쵔昭퐇,20210312,11070
108,A083790,콜쟕쫔콭쵔昭퐇,20210311,10837
109,A083790,콜쟕쫔콭쵔昭퐇,20210310,10036
110,A083790,콜쟕쫔콭쵔昭퐇,20210309,9369
111,A083790,콜쟕쫔콭쵔昭퐇,20210308,9236
112,A083790,콜쟕쫔콭쵔昭퐇,20210305,9503
113,A083790,콜쟕쫔콭쵔昭퐇,20210304,9470
114,A083790,콜쟕쫔콭쵔昭퐇,20210303,9436
115,A083790,콜쟕쫔콭쵔昭퐇,20210302,9003
116,A083790,콜쟕쫔콭쵔昭퐇,20210226,8936
117,A083790,콜쟕쫔콭쵔昭퐇,20210225,9136
118,A083790,콜쟕쫔콭쵔昭퐇,20210224,8903
119,A083790,콜쟕쫔콭쵔昭퐇,20210223,9203
120,A083790,콜쟕쫔콭쵔昭퐇,20210222,9403
121,A083790,콜쟕쫔콭쵔昭퐇,20210219,9503
122,A083790,콜쟕쫔콭쵔昭퐇,20210218,9470
123,A083790,콜쟕쫔콭쵔昭퐇,20210217,9603
124,A083790,콜쟕쫔콭쵔昭퐇,20210216,9670
125,A083790,콜쟕쫔콭쵔昭퐇,20210215,9836
126,A083790,콜쟕쫔콭쵔昭퐇,20210210,9703
127,A083790,콜쟕쫔콭쵔昭퐇,20210209,9703
128,A083790,콜쟕쫔콭쵔昭퐇,20210208,9736
129,A083790,콜쟕쫔콭쵔昭퐇,20210205,9936
130,A083790,콜쟕쫔콭쵔昭퐇,20210204,9736
131,A083790,콜쟕쫔콭쵔昭퐇,20210203,10070
132,A083790,콜쟕쫔콭쵔昭퐇,20210202,9870
133,A083790,콜쟕쫔콭쵔昭퐇,20210201,9936
134,A083790,콜쟕쫔콭쵔昭퐇,20210129,9436
135,A083790,콜쟕쫔콭쵔昭퐇,20210128,9703
136,A083790,콜쟕쫔콭쵔昭퐇,20210127,10236
137,A083790,콜쟕쫔콭쵔昭퐇,20210126,10370
138,A083790,콜쟕쫔콭쵔昭퐇,20210125,10503
139,A083790,콜쟕쫔콭쵔昭퐇,20210122,9870
140,A083790,콜쟕쫔콭쵔昭퐇,20210121,10270
141,A083790,콜쟕쫔콭쵔昭퐇,20210120,9970
142,A083790,콜쟕쫔콭쵔昭퐇,20210119,9803
143,A083790,콜쟕쫔콭쵔昭퐇,20210118,9803
144,A083790,콜쟕쫔콭쵔昭퐇,20210115,10403
145,A083790,콜쟕쫔콭쵔昭퐇,20210114,10837
146,A083790,콜쟕쫔콭쵔昭퐇,20210113,10603
147,A083790,콜쟕쫔콭쵔昭퐇,20210112,11003
148,A083790,콜쟕쫔콭쵔昭퐇,20210111,11037
149,A083790,콜쟕쫔콭쵔昭퐇,20210108,11170
150,A083790,콜쟕쫔콭쵔昭퐇,20210107,11604
151,A083790,콜쟕쫔콭쵔昭퐇,20210106,11637
152,A083790,콜쟕쫔콭쵔昭퐇,20210105,12004
153,A083790,콜쟕쫔콭쵔昭퐇,20210104,12137
154,A083790,콜쟕쫔콭쵔昭퐇,20201230,11937
155,A083790,콜쟕쫔콭쵔昭퐇,20201229,12004
156,A083790,콜쟕쫔콭쵔昭퐇,20201228,11237
157,A083790,콜쟕쫔콭쵔昭퐇,20201224,11237
158,A083790,콜쟕쫔콭쵔昭퐇,20201223,11437
159,A083790,콜쟕쫔콭쵔昭퐇,20201222,11804
160,A083790,콜쟕쫔콭쵔昭퐇,20201221,12270
161,A083790,콜쟕쫔콭쵔昭퐇,20201218,11737
162,A083790,콜쟕쫔콭쵔昭퐇,20201217,11737
163,A083790,콜쟕쫔콭쵔昭퐇,20201216,11470
164,A083790,콜쟕쫔콭쵔昭퐇,20201215,11103
165,A083790,콜쟕쫔콭쵔昭퐇,20201214,11504
166,A083790,콜쟕쫔콭쵔昭퐇,20201211,11237
167,A083790,콜쟕쫔콭쵔昭퐇,20201210,10370
168,A083790,콜쟕쫔콭쵔昭퐇,20201209,10170
169,A083790,콜쟕쫔콭쵔昭퐇,20201208,10136
170,A083790,콜쟕쫔콭쵔昭퐇,20201207,10703
171,A083790,콜쟕쫔콭쵔昭퐇,20201204,10403
172,A083790,콜쟕쫔콭쵔昭퐇,20201203,10303
173,A083790,콜쟕쫔콭쵔昭퐇,20201202,10470
174,A083790,콜쟕쫔콭쵔昭퐇,20201201,10737
175,A083790,콜쟕쫔콭쵔昭퐇,20201130,10770
176,A083790,콜쟕쫔콭쵔昭퐇,20201127,10870
177,A083790,콜쟕쫔콭쵔昭퐇,20201126,10537
178,A083790,콜쟕쫔콭쵔昭퐇,20201125,10403
179,A083790,콜쟕쫔콭쵔昭퐇,20201124,10503
180,A083790,콜쟕쫔콭쵔昭퐇,20201123,10703
181,A083790,콜쟕쫔콭쵔昭퐇,20201120,11137
182,A083790,콜쟕쫔콭쵔昭퐇,20201119,10770
183,A083790,콜쟕쫔콭쵔昭퐇,20201118,10970
184,A083790,콜쟕쫔콭쵔昭퐇,20201117,10170
185,A083790,콜쟕쫔콭쵔昭퐇,20201116,10570
186,A083790,콜쟕쫔콭쵔昭퐇,20201113,10603
187,A083790,콜쟕쫔콭쵔昭퐇,20201112,10537
188,A083790,콜쟕쫔콭쵔昭퐇,20201111,10937
189,A083790,콜쟕쫔콭쵔昭퐇,20201110,11170
190,A083790,콜쟕쫔콭쵔昭퐇,20201109,10770
191,A083790,콜쟕쫔콭쵔昭퐇,20201106,10637
192,A083790,콜쟕쫔콭쵔昭퐇,20201105,10803
193,A083790,콜쟕쫔콭쵔昭퐇,20201104,10437
194,A083790,콜쟕쫔콭쵔昭퐇,20201103,10537
195,A083790,콜쟕쫔콭쵔昭퐇,20201102,10070
196,A083790,콜쟕쫔콭쵔昭퐇,20201030,9770
197,A083790,콜쟕쫔콭쵔昭퐇,20201029,10203
198,A083790,콜쟕쫔콭쵔昭퐇,20201028,10203
199,A083790,콜쟕쫔콭쵔昭퐇,20201027,10136
200,A083790,콜쟕쫔콭쵔昭퐇,20201026,9403
201,A083790,콜쟕쫔콭쵔昭퐇,20201023,10103
202,A083790,콜쟕쫔콭쵔昭퐇,20201022,10136
203,A083790,콜쟕쫔콭쵔昭퐇,20201021,10603
204,A083790,콜쟕쫔콭쵔昭퐇,20201020,10803
205,A083790,콜쟕쫔콭쵔昭퐇,20201019,10537
206,A083790,콜쟕쫔콭쵔昭퐇,20201016,10537
207,A083790,콜쟕쫔콭쵔昭퐇,20201015,10770
208,A083790,콜쟕쫔콭쵔昭퐇,20201014,11303
209,A083790,콜쟕쫔콭쵔昭퐇,20201013,11404
210,A083790,콜쟕쫔콭쵔昭퐇,20201012,11404
211,A083790,콜쟕쫔콭쵔昭퐇,20201008,11804
212,A083790,콜쟕쫔콭쵔昭퐇,20201007,11737
213,A083790,콜쟕쫔콭쵔昭퐇,20201006,11870
214,A083790,콜쟕쫔콭쵔昭퐇,20201005,12137
215,A083790,콜쟕쫔콭쵔昭퐇,20200929,12004
216,A083790,콜쟕쫔콭쵔昭퐇,20200928,11370
217,A083790,콜쟕쫔콭쵔昭퐇,20200925,10670
218,A083790,콜쟕쫔콭쵔昭퐇,20200924,11037
219,A083790,콜쟕쫔콭쵔昭퐇,20200923,11870
220,A083790,콜쟕쫔콭쵔昭퐇,20200922,12437
221,A083790,콜쟕쫔콭쵔昭퐇,20200921,13237
222,A083790,콜쟕쫔콭쵔昭퐇,20200918,12504
223,A083790,콜쟕쫔콭쵔昭퐇,20200917,12404
224,A083790,콜쟕쫔콭쵔昭퐇,20200916,13104
225,A083790,콜쟕쫔콭쵔昭퐇,20200915,13004
226,A083790,콜쟕쫔콭쵔昭퐇,20200914,12904
227,A083790,콜쟕쫔콭쵔昭퐇,20200911,12371
228,A083790,콜쟕쫔콭쵔昭퐇,20200910,11670
229,A083790,콜쟕쫔콭쵔昭퐇,20200909,11604
230,A083790,콜쟕쫔콭쵔昭퐇,20200908,11970
231,A083790,콜쟕쫔콭쵔昭퐇,20200907,12804
232,A083790,콜쟕쫔콭쵔昭퐇,20200904,12471
233,A083790,콜쟕쫔콭쵔昭퐇,20200903,12504
234,A083790,콜쟕쫔콭쵔昭퐇,20200902,12971
235,A083790,콜쟕쫔콭쵔昭퐇,20200901,12571
236,A083790,콜쟕쫔콭쵔昭퐇,20200831,13538
237,A083790,콜쟕쫔콭쵔昭퐇,20200828,12837
238,A083790,콜쟕쫔콭쵔昭퐇,20200827,12904
239,A083790,콜쟕쫔콭쵔昭퐇,20200826,11337
240,A083790,콜쟕쫔콭쵔昭퐇,20200825,10603
241,A083790,콜쟕쫔콭쵔昭퐇,20200824,10136
242,A083790,콜쟕쫔콭쵔昭퐇,20200821,9636
243,A083790,콜쟕쫔콭쵔昭퐇,20200820,10003
244,A083790,콜쟕쫔콭쵔昭퐇,20200819,9503
245,A083790,콜쟕쫔콭쵔昭퐇,20200818,9336
246,A083790,콜쟕쫔콭쵔昭퐇,20200814,9736
247,A083790,콜쟕쫔콭쵔昭퐇,20200813,10070
248,A083790,콜쟕쫔콭쵔昭퐇,20200812,9770
249,A083790,콜쟕쫔콭쵔昭퐇,20200811,10170
250,A083790,콜쟕쫔콭쵔昭퐇,20200810,10470
251,A083790,콜쟕쫔콭쵔昭퐇,20200807,10470
252,A083790,콜쟕쫔콭쵔昭퐇,20200806,10603
253,A083790,콜쟕쫔콭쵔昭퐇,20200805,10503
254,A083790,콜쟕쫔콭쵔昭퐇,20200804,9903
255,A083790,콜쟕쫔콭쵔昭퐇,20200803,9770
256,A083790,콜쟕쫔콭쵔昭퐇,20200731,9403
257,A083790,콜쟕쫔콭쵔昭퐇,20200730,9436
258,A083790,콜쟕쫔콭쵔昭퐇,20200729,9736
259,A083790,콜쟕쫔콭쵔昭퐇,20200728,9470
260,A083790,콜쟕쫔콭쵔昭퐇,20200727,9670
261,A083790,콜쟕쫔콭쵔昭퐇,20200724,9269
262,A083790,콜쟕쫔콭쵔昭퐇,20200723,8969
263,A083790,콜쟕쫔콭쵔昭퐇,20200722,8936
264,A083790,콜쟕쫔콭쵔昭퐇,20200721,9269
265,A083790,콜쟕쫔콭쵔昭퐇,20200720,8803
266,A083790,콜쟕쫔콭쵔昭퐇,20200717,8703
267,A083790,콜쟕쫔콭쵔昭퐇,20200716,8869
268,A083790,콜쟕쫔콭쵔昭퐇,20200715,8636
269,A083790,콜쟕쫔콭쵔昭퐇,20200714,8569
270,A083790,콜쟕쫔콭쵔昭퐇,20200713,8669
271,A083790,콜쟕쫔콭쵔昭퐇,20200710,8369
272,A083790,콜쟕쫔콭쵔昭퐇,20200709,8502
273,A083790,콜쟕쫔콭쵔昭퐇,20200708,8669
274,A083790,콜쟕쫔콭쵔昭퐇,20200707,8569
275,A083790,콜쟕쫔콭쵔昭퐇,20200706,8569
276,A083790,콜쟕쫔콭쵔昭퐇,20200703,9003
277,A083790,콜쟕쫔콭쵔昭퐇,20200702,9336
278,A083790,콜쟕쫔콭쵔昭퐇,20200701,9003
279,A083790,콜쟕쫔콭쵔昭퐇,20200630,10637
280,A083790,콜쟕쫔콭쵔昭퐇,20200629,10537
281,A083790,콜쟕쫔콭쵔昭퐇,20200626,11070
282,A083790,콜쟕쫔콭쵔昭퐇,20200625,10437
283,A083790,콜쟕쫔콭쵔昭퐇,20200624,10170
284,A083790,콜쟕쫔콭쵔昭퐇,20200623,10303
285,A083790,콜쟕쫔콭쵔昭퐇,20200622,10136
286,A083790,콜쟕쫔콭쵔昭퐇,20200619,9703
287,A083790,콜쟕쫔콭쵔昭퐇,20200618,10136
288,A083790,콜쟕쫔콭쵔昭퐇,20200617,10203
289,A083790,콜쟕쫔콭쵔昭퐇,20200616,10437
290,A083790,콜쟕쫔콭쵔昭퐇,20200615,9903
291,A083790,콜쟕쫔콭쵔昭퐇,20200612,10670
292,A083790,콜쟕쫔콭쵔昭퐇,20200611,10670
293,A083790,콜쟕쫔콭쵔昭퐇,20200610,10870
294,A083790,콜쟕쫔콭쵔昭퐇,20200609,10670
295,A083790,콜쟕쫔콭쵔昭퐇,20200608,9870
296,A083790,콜쟕쫔콭쵔昭퐇,20200605,9870
297,A083790,콜쟕쫔콭쵔昭퐇,20200604,9436
298,A083790,콜쟕쫔콭쵔昭퐇,20200603,9236
299,A083790,콜쟕쫔콭쵔昭퐇,20200602,9303
300,A083790,콜쟕쫔콭쵔昭퐇,20200601,8703
301,A083790,콜쟕쫔콭쵔昭퐇,20200529,8269
302,A083790,콜쟕쫔콭쵔昭퐇,20200528,8436
303,A083790,콜쟕쫔콭쵔昭퐇,20200527,8669
304,A083790,콜쟕쫔콭쵔昭퐇,20200526,8402
305,A083790,콜쟕쫔콭쵔昭퐇,20200525,8069
306,A083790,콜쟕쫔콭쵔昭퐇,20200522,8102
307,A083790,콜쟕쫔콭쵔昭퐇,20200521,8336
308,A083790,콜쟕쫔콭쵔昭퐇,20200520,8069
309,A083790,콜쟕쫔콭쵔昭퐇,20200519,8069
310,A083790,콜쟕쫔콭쵔昭퐇,20200518,8102
311,A083790,콜쟕쫔콭쵔昭퐇,20200515,8569
312,A083790,콜쟕쫔콭쵔昭퐇,20200514,8669
313,A083790,콜쟕쫔콭쵔昭퐇,20200513,8703
314,A083790,콜쟕쫔콭쵔昭퐇,20200512,8903
315,A083790,콜쟕쫔콭쵔昭퐇,20200511,8736
316,A083790,콜쟕쫔콭쵔昭퐇,20200508,8803
317,A083790,콜쟕쫔콭쵔昭퐇,20200507,8669
318,A083790,콜쟕쫔콭쵔昭퐇,20200506,8536
319,A083790,콜쟕쫔콭쵔昭퐇,20200504,8569
320,A083790,콜쟕쫔콭쵔昭퐇,20200429,8703
321,A083790,콜쟕쫔콭쵔昭퐇,20200428,8736
322,A083790,콜쟕쫔콭쵔昭퐇,20200427,9136
323,A083790,콜쟕쫔콭쵔昭퐇,20200424,9069
324,A083790,콜쟕쫔콭쵔昭퐇,20200423,9536
325,A083790,콜쟕쫔콭쵔昭퐇,20200422,9736
326,A083790,콜쟕쫔콭쵔昭퐇,20200421,10336
327,A083790,콜쟕쫔콭쵔昭퐇,20200420,9703
328,A083790,콜쟕쫔콭쵔昭퐇,20200417,9670
329,A083790,콜쟕쫔콭쵔昭퐇,20200416,9636
330,A083790,콜쟕쫔콭쵔昭퐇,20200414,9336
331,A083790,콜쟕쫔콭쵔昭퐇,20200413,9036
332,A083790,콜쟕쫔콭쵔昭퐇,20200410,9203
333,A083790,콜쟕쫔콭쵔昭퐇,20200409,9536
334,A083790,콜쟕쫔콭쵔昭퐇,20200408,9103
335,A083790,콜쟕쫔콭쵔昭퐇,20200407,9670
336,A083790,콜쟕쫔콭쵔昭퐇,20200406,10236
337,A083790,콜쟕쫔콭쵔昭퐇,20200403,10003
338,A083790,콜쟕쫔콭쵔昭퐇,20200402,9736
339,A083790,콜쟕쫔콭쵔昭퐇,20200401,9536
340,A083790,콜쟕쫔콭쵔昭퐇,20200331,11203
341,A083790,콜쟕쫔콭쵔昭퐇,20200330,11103
342,A083790,콜쟕쫔콭쵔昭퐇,20200327,9269
343,A083790,콜쟕쫔콭쵔昭퐇,20200326,9169
344,A083790,콜쟕쫔콭쵔昭퐇,20200325,8369
345,A083790,콜쟕쫔콭쵔昭퐇,20200324,8502
346,A083790,콜쟕쫔콭쵔昭퐇,20200323,6562
347,A083790,콜쟕쫔콭쵔昭퐇,20200320,5048
348,A083790,콜쟕쫔콭쵔昭퐇,20200319,4208
349,A083790,콜쟕쫔콭쵔昭퐇,20200318,5588
350,A083790,콜쟕쫔콭쵔昭퐇,20200317,6068
351,A083790,콜쟕쫔콭쵔昭퐇,20200316,6002
352,A083790,콜쟕쫔콭쵔昭퐇,20200313,6202
353,A083790,콜쟕쫔콭쵔昭퐇,20200312,6662
354,A083790,콜쟕쫔콭쵔昭퐇,20200311,6935
355,A083790,콜쟕쫔콭쵔昭퐇,20200310,7535
356,A083790,콜쟕쫔콭쵔昭퐇,20200309,7369
357,A083790,콜쟕쫔콭쵔昭퐇,20200306,7736
358,A083790,콜쟕쫔콭쵔昭퐇,20200305,7902
359,A083790,콜쟕쫔콭쵔昭퐇,20200304,7769
360,A083790,콜쟕쫔콭쵔昭퐇,20200303,7569
361,A083790,콜쟕쫔콭쵔昭퐇,20200302,7135
362,A083790,콜쟕쫔콭쵔昭퐇,20200228,7235
363,A083790,콜쟕쫔콭쵔昭퐇,20200227,7836
364,A083790,콜쟕쫔콭쵔昭퐇,20200226,8002
